ID,Cropping,Denoising,PostResizeSharpening,JPEG,code
0,512,1,0.01,85.0,crop=512_denoising=1_sharpening=0.01
1,512,1,0.176,85.0,crop=512_denoising=1_sharpening=0.176
2,512,1,0.341,85.0,crop=512_denoising=1_sharpening=0.341
3,512,1,0.507,85.0,crop=512_denoising=1_sharpening=0.507
4,512,1,0.672,85.0,crop=512_denoising=1_sharpening=0.672
5,512,1,0.838,85.0,crop=512_denoising=1_sharpening=0.838
6,512,1,1.003,85.0,crop=512_denoising=1_sharpening=1.003
7,512,1,1.169,85.0,crop=512_denoising=1_sharpening=1.169
8,512,1,1.334,85.0,crop=512_denoising=1_sharpening=1.334
9,512,1,1.5,85.0,crop=512_denoising=1_sharpening=1.5
10,512,4,0.01,85.0,crop=512_denoising=4_sharpening=0.01
11,512,4,0.176,85.0,crop=512_denoising=4_sharpening=0.176
12,512,4,0.341,85.0,crop=512_denoising=4_sharpening=0.341
13,512,4,0.507,85.0,crop=512_denoising=4_sharpening=0.507
14,512,4,0.672,85.0,crop=512_denoising=4_sharpening=0.672
15,512,4,0.838,85.0,crop=512_denoising=4_sharpening=0.838
16,512,4,1.003,85.0,crop=512_denoising=4_sharpening=1.003
17,512,4,1.169,85.0,crop=512_denoising=4_sharpening=1.169
18,512,4,1.334,85.0,crop=512_denoising=4_sharpening=1.334
19,512,4,1.5,85.0,crop=512_denoising=4_sharpening=1.5
20,512,7,0.01,85.0,crop=512_denoising=7_sharpening=0.01
21,512,7,0.176,85.0,crop=512_denoising=7_sharpening=0.176
22,512,7,0.341,85.0,crop=512_denoising=7_sharpening=0.341
23,512,7,0.507,85.0,crop=512_denoising=7_sharpening=0.507
24,512,7,0.672,85.0,crop=512_denoising=7_sharpening=0.672
25,512,7,0.838,85.0,crop=512_denoising=7_sharpening=0.838
26,512,7,1.003,85.0,crop=512_denoising=7_sharpening=1.003
27,512,7,1.169,85.0,crop=512_denoising=7_sharpening=1.169
28,512,7,1.334,85.0,crop=512_denoising=7_sharpening=1.334
29,512,7,1.5,85.0,crop=512_denoising=7_sharpening=1.5
30,512,10,0.01,85.0,crop=512_denoising=10_sharpening=0.01
31,512,10,0.176,85.0,crop=512_denoising=10_sharpening=0.176
32,512,10,0.341,85.0,crop=512_denoising=10_sharpening=0.341
33,512,10,0.507,85.0,crop=512_denoising=10_sharpening=0.507
34,512,10,0.672,85.0,crop=512_denoising=10_sharpening=0.672
35,512,10,0.838,85.0,crop=512_denoising=10_sharpening=0.838
36,512,10,1.003,85.0,crop=512_denoising=10_sharpening=1.003
37,512,10,1.169,85.0,crop=512_denoising=10_sharpening=1.169
38,512,10,1.334,85.0,crop=512_denoising=10_sharpening=1.334
39,512,10,1.5,85.0,crop=512_denoising=10_sharpening=1.5
40,512,13,0.01,85.0,crop=512_denoising=13_sharpening=0.01
41,512,13,0.176,85.0,crop=512_denoising=13_sharpening=0.176
42,512,13,0.341,85.0,crop=512_denoising=13_sharpening=0.341
43,512,13,0.507,85.0,crop=512_denoising=13_sharpening=0.507
44,512,13,0.672,85.0,crop=512_denoising=13_sharpening=0.672
45,512,13,0.838,85.0,crop=512_denoising=13_sharpening=0.838
46,512,13,1.003,85.0,crop=512_denoising=13_sharpening=1.003
47,512,13,1.169,85.0,crop=512_denoising=13_sharpening=1.169
48,512,13,1.334,85.0,crop=512_denoising=13_sharpening=1.334
49,512,13,1.5,85.0,crop=512_denoising=13_sharpening=1.5
50,512,17,0.01,85.0,crop=512_denoising=17_sharpening=0.01
51,512,17,0.176,85.0,crop=512_denoising=17_sharpening=0.176
52,512,17,0.341,85.0,crop=512_denoising=17_sharpening=0.341
53,512,17,0.507,85.0,crop=512_denoising=17_sharpening=0.507
54,512,17,0.672,85.0,crop=512_denoising=17_sharpening=0.672
55,512,17,0.838,85.0,crop=512_denoising=17_sharpening=0.838
56,512,17,1.003,85.0,crop=512_denoising=17_sharpening=1.003
57,512,17,1.169,85.0,crop=512_denoising=17_sharpening=1.169
58,512,17,1.334,85.0,crop=512_denoising=17_sharpening=1.334
59,512,17,1.5,85.0,crop=512_denoising=17_sharpening=1.5
60,512,20,0.01,85.0,crop=512_denoising=20_sharpening=0.01
61,512,20,0.176,85.0,crop=512_denoising=20_sharpening=0.176
62,512,20,0.341,85.0,crop=512_denoising=20_sharpening=0.341
63,512,20,0.507,85.0,crop=512_denoising=20_sharpening=0.507
64,512,20,0.672,85.0,crop=512_denoising=20_sharpening=0.672
65,512,20,0.838,85.0,crop=512_denoising=20_sharpening=0.838
66,512,20,1.003,85.0,crop=512_denoising=20_sharpening=1.003
67,512,20,1.169,85.0,crop=512_denoising=20_sharpening=1.169
68,512,20,1.334,85.0,crop=512_denoising=20_sharpening=1.334
69,512,20,1.5,85.0,crop=512_denoising=20_sharpening=1.5
70,512,23,0.01,85.0,crop=512_denoising=23_sharpening=0.01
71,512,23,0.176,85.0,crop=512_denoising=23_sharpening=0.176
72,512,23,0.341,85.0,crop=512_denoising=23_sharpening=0.341
73,512,23,0.507,85.0,crop=512_denoising=23_sharpening=0.507
74,512,23,0.672,85.0,crop=512_denoising=23_sharpening=0.672
75,512,23,0.838,85.0,crop=512_denoising=23_sharpening=0.838
76,512,23,1.003,85.0,crop=512_denoising=23_sharpening=1.003
77,512,23,1.169,85.0,crop=512_denoising=23_sharpening=1.169
78,512,23,1.334,85.0,crop=512_denoising=23_sharpening=1.334
79,512,23,1.5,85.0,crop=512_denoising=23_sharpening=1.5
80,512,26,0.01,85.0,crop=512_denoising=26_sharpening=0.01
81,512,26,0.176,85.0,crop=512_denoising=26_sharpening=0.176
82,512,26,0.341,85.0,crop=512_denoising=26_sharpening=0.341
83,512,26,0.507,85.0,crop=512_denoising=26_sharpening=0.507
84,512,26,0.672,85.0,crop=512_denoising=26_sharpening=0.672
85,512,26,0.838,85.0,crop=512_denoising=26_sharpening=0.838
86,512,26,1.003,85.0,crop=512_denoising=26_sharpening=1.003
87,512,26,1.169,85.0,crop=512_denoising=26_sharpening=1.169
88,512,26,1.334,85.0,crop=512_denoising=26_sharpening=1.334
89,512,26,1.5,85.0,crop=512_denoising=26_sharpening=1.5
90,512,30,0.01,85.0,crop=512_denoising=30_sharpening=0.01
91,512,30,0.176,85.0,crop=512_denoising=30_sharpening=0.176
92,512,30,0.341,85.0,crop=512_denoising=30_sharpening=0.341
93,512,30,0.507,85.0,crop=512_denoising=30_sharpening=0.507
94,512,30,0.672,85.0,crop=512_denoising=30_sharpening=0.672
95,512,30,0.838,85.0,crop=512_denoising=30_sharpening=0.838
96,512,30,1.003,85.0,crop=512_denoising=30_sharpening=1.003
97,512,30,1.169,85.0,crop=512_denoising=30_sharpening=1.169
98,512,30,1.334,85.0,crop=512_denoising=30_sharpening=1.334
99,512,30,1.5,85.0,crop=512_denoising=30_sharpening=1.5
100,558,1,0.01,85.0,crop=558_denoising=1_sharpening=0.01
101,558,1,0.176,85.0,crop=558_denoising=1_sharpening=0.176
102,558,1,0.341,85.0,crop=558_denoising=1_sharpening=0.341
103,558,1,0.507,85.0,crop=558_denoising=1_sharpening=0.507
104,558,1,0.672,85.0,crop=558_denoising=1_sharpening=0.672
105,558,1,0.838,85.0,crop=558_denoising=1_sharpening=0.838
106,558,1,1.003,85.0,crop=558_denoising=1_sharpening=1.003
107,558,1,1.169,85.0,crop=558_denoising=1_sharpening=1.169
108,558,1,1.334,85.0,crop=558_denoising=1_sharpening=1.334
109,558,1,1.5,85.0,crop=558_denoising=1_sharpening=1.5
110,558,4,0.01,85.0,crop=558_denoising=4_sharpening=0.01
111,558,4,0.176,85.0,crop=558_denoising=4_sharpening=0.176
112,558,4,0.341,85.0,crop=558_denoising=4_sharpening=0.341
113,558,4,0.507,85.0,crop=558_denoising=4_sharpening=0.507
114,558,4,0.672,85.0,crop=558_denoising=4_sharpening=0.672
115,558,4,0.838,85.0,crop=558_denoising=4_sharpening=0.838
116,558,4,1.003,85.0,crop=558_denoising=4_sharpening=1.003
117,558,4,1.169,85.0,crop=558_denoising=4_sharpening=1.169
118,558,4,1.334,85.0,crop=558_denoising=4_sharpening=1.334
119,558,4,1.5,85.0,crop=558_denoising=4_sharpening=1.5
120,558,7,0.01,85.0,crop=558_denoising=7_sharpening=0.01
121,558,7,0.176,85.0,crop=558_denoising=7_sharpening=0.176
122,558,7,0.341,85.0,crop=558_denoising=7_sharpening=0.341
123,558,7,0.507,85.0,crop=558_denoising=7_sharpening=0.507
124,558,7,0.672,85.0,crop=558_denoising=7_sharpening=0.672
125,558,7,0.838,85.0,crop=558_denoising=7_sharpening=0.838
126,558,7,1.003,85.0,crop=558_denoising=7_sharpening=1.003
127,558,7,1.169,85.0,crop=558_denoising=7_sharpening=1.169
128,558,7,1.334,85.0,crop=558_denoising=7_sharpening=1.334
129,558,7,1.5,85.0,crop=558_denoising=7_sharpening=1.5
130,558,10,0.01,85.0,crop=558_denoising=10_sharpening=0.01
131,558,10,0.176,85.0,crop=558_denoising=10_sharpening=0.176
132,558,10,0.341,85.0,crop=558_denoising=10_sharpening=0.341
133,558,10,0.507,85.0,crop=558_denoising=10_sharpening=0.507
134,558,10,0.672,85.0,crop=558_denoising=10_sharpening=0.672
135,558,10,0.838,85.0,crop=558_denoising=10_sharpening=0.838
136,558,10,1.003,85.0,crop=558_denoising=10_sharpening=1.003
137,558,10,1.169,85.0,crop=558_denoising=10_sharpening=1.169
138,558,10,1.334,85.0,crop=558_denoising=10_sharpening=1.334
139,558,10,1.5,85.0,crop=558_denoising=10_sharpening=1.5
140,558,13,0.01,85.0,crop=558_denoising=13_sharpening=0.01
141,558,13,0.176,85.0,crop=558_denoising=13_sharpening=0.176
142,558,13,0.341,85.0,crop=558_denoising=13_sharpening=0.341
143,558,13,0.507,85.0,crop=558_denoising=13_sharpening=0.507
144,558,13,0.672,85.0,crop=558_denoising=13_sharpening=0.672
145,558,13,0.838,85.0,crop=558_denoising=13_sharpening=0.838
146,558,13,1.003,85.0,crop=558_denoising=13_sharpening=1.003
147,558,13,1.169,85.0,crop=558_denoising=13_sharpening=1.169
148,558,13,1.334,85.0,crop=558_denoising=13_sharpening=1.334
149,558,13,1.5,85.0,crop=558_denoising=13_sharpening=1.5
150,558,17,0.01,85.0,crop=558_denoising=17_sharpening=0.01
151,558,17,0.176,85.0,crop=558_denoising=17_sharpening=0.176
152,558,17,0.341,85.0,crop=558_denoising=17_sharpening=0.341
153,558,17,0.507,85.0,crop=558_denoising=17_sharpening=0.507
154,558,17,0.672,85.0,crop=558_denoising=17_sharpening=0.672
155,558,17,0.838,85.0,crop=558_denoising=17_sharpening=0.838
156,558,17,1.003,85.0,crop=558_denoising=17_sharpening=1.003
157,558,17,1.169,85.0,crop=558_denoising=17_sharpening=1.169
158,558,17,1.334,85.0,crop=558_denoising=17_sharpening=1.334
159,558,17,1.5,85.0,crop=558_denoising=17_sharpening=1.5
160,558,20,0.01,85.0,crop=558_denoising=20_sharpening=0.01
161,558,20,0.176,85.0,crop=558_denoising=20_sharpening=0.176
162,558,20,0.341,85.0,crop=558_denoising=20_sharpening=0.341
163,558,20,0.507,85.0,crop=558_denoising=20_sharpening=0.507
164,558,20,0.672,85.0,crop=558_denoising=20_sharpening=0.672
165,558,20,0.838,85.0,crop=558_denoising=20_sharpening=0.838
166,558,20,1.003,85.0,crop=558_denoising=20_sharpening=1.003
167,558,20,1.169,85.0,crop=558_denoising=20_sharpening=1.169
168,558,20,1.334,85.0,crop=558_denoising=20_sharpening=1.334
169,558,20,1.5,85.0,crop=558_denoising=20_sharpening=1.5
170,558,23,0.01,85.0,crop=558_denoising=23_sharpening=0.01
171,558,23,0.176,85.0,crop=558_denoising=23_sharpening=0.176
172,558,23,0.341,85.0,crop=558_denoising=23_sharpening=0.341
173,558,23,0.507,85.0,crop=558_denoising=23_sharpening=0.507
174,558,23,0.672,85.0,crop=558_denoising=23_sharpening=0.672
175,558,23,0.838,85.0,crop=558_denoising=23_sharpening=0.838
176,558,23,1.003,85.0,crop=558_denoising=23_sharpening=1.003
177,558,23,1.169,85.0,crop=558_denoising=23_sharpening=1.169
178,558,23,1.334,85.0,crop=558_denoising=23_sharpening=1.334
179,558,23,1.5,85.0,crop=558_denoising=23_sharpening=1.5
180,558,26,0.01,85.0,crop=558_denoising=26_sharpening=0.01
181,558,26,0.176,85.0,crop=558_denoising=26_sharpening=0.176
182,558,26,0.341,85.0,crop=558_denoising=26_sharpening=0.341
183,558,26,0.507,85.0,crop=558_denoising=26_sharpening=0.507
184,558,26,0.672,85.0,crop=558_denoising=26_sharpening=0.672
185,558,26,0.838,85.0,crop=558_denoising=26_sharpening=0.838
186,558,26,1.003,85.0,crop=558_denoising=26_sharpening=1.003
187,558,26,1.169,85.0,crop=558_denoising=26_sharpening=1.169
188,558,26,1.334,85.0,crop=558_denoising=26_sharpening=1.334
189,558,26,1.5,85.0,crop=558_denoising=26_sharpening=1.5
190,558,30,0.01,85.0,crop=558_denoising=30_sharpening=0.01
191,558,30,0.176,85.0,crop=558_denoising=30_sharpening=0.176
192,558,30,0.341,85.0,crop=558_denoising=30_sharpening=0.341
193,558,30,0.507,85.0,crop=558_denoising=30_sharpening=0.507
194,558,30,0.672,85.0,crop=558_denoising=30_sharpening=0.672
195,558,30,0.838,85.0,crop=558_denoising=30_sharpening=0.838
196,558,30,1.003,85.0,crop=558_denoising=30_sharpening=1.003
197,558,30,1.169,85.0,crop=558_denoising=30_sharpening=1.169
198,558,30,1.334,85.0,crop=558_denoising=30_sharpening=1.334
199,558,30,1.5,85.0,crop=558_denoising=30_sharpening=1.5
200,604,1,0.01,85.0,crop=604_denoising=1_sharpening=0.01
201,604,1,0.176,85.0,crop=604_denoising=1_sharpening=0.176
202,604,1,0.341,85.0,crop=604_denoising=1_sharpening=0.341
203,604,1,0.507,85.0,crop=604_denoising=1_sharpening=0.507
204,604,1,0.672,85.0,crop=604_denoising=1_sharpening=0.672
205,604,1,0.838,85.0,crop=604_denoising=1_sharpening=0.838
206,604,1,1.003,85.0,crop=604_denoising=1_sharpening=1.003
207,604,1,1.169,85.0,crop=604_denoising=1_sharpening=1.169
208,604,1,1.334,85.0,crop=604_denoising=1_sharpening=1.334
209,604,1,1.5,85.0,crop=604_denoising=1_sharpening=1.5
210,604,4,0.01,85.0,crop=604_denoising=4_sharpening=0.01
211,604,4,0.176,85.0,crop=604_denoising=4_sharpening=0.176
212,604,4,0.341,85.0,crop=604_denoising=4_sharpening=0.341
213,604,4,0.507,85.0,crop=604_denoising=4_sharpening=0.507
214,604,4,0.672,85.0,crop=604_denoising=4_sharpening=0.672
215,604,4,0.838,85.0,crop=604_denoising=4_sharpening=0.838
216,604,4,1.003,85.0,crop=604_denoising=4_sharpening=1.003
217,604,4,1.169,85.0,crop=604_denoising=4_sharpening=1.169
218,604,4,1.334,85.0,crop=604_denoising=4_sharpening=1.334
219,604,4,1.5,85.0,crop=604_denoising=4_sharpening=1.5
220,604,7,0.01,85.0,crop=604_denoising=7_sharpening=0.01
221,604,7,0.176,85.0,crop=604_denoising=7_sharpening=0.176
222,604,7,0.341,85.0,crop=604_denoising=7_sharpening=0.341
223,604,7,0.507,85.0,crop=604_denoising=7_sharpening=0.507
224,604,7,0.672,85.0,crop=604_denoising=7_sharpening=0.672
225,604,7,0.838,85.0,crop=604_denoising=7_sharpening=0.838
226,604,7,1.003,85.0,crop=604_denoising=7_sharpening=1.003
227,604,7,1.169,85.0,crop=604_denoising=7_sharpening=1.169
228,604,7,1.334,85.0,crop=604_denoising=7_sharpening=1.334
229,604,7,1.5,85.0,crop=604_denoising=7_sharpening=1.5
230,604,10,0.01,85.0,crop=604_denoising=10_sharpening=0.01
231,604,10,0.176,85.0,crop=604_denoising=10_sharpening=0.176
232,604,10,0.341,85.0,crop=604_denoising=10_sharpening=0.341
233,604,10,0.507,85.0,crop=604_denoising=10_sharpening=0.507
234,604,10,0.672,85.0,crop=604_denoising=10_sharpening=0.672
235,604,10,0.838,85.0,crop=604_denoising=10_sharpening=0.838
236,604,10,1.003,85.0,crop=604_denoising=10_sharpening=1.003
237,604,10,1.169,85.0,crop=604_denoising=10_sharpening=1.169
238,604,10,1.334,85.0,crop=604_denoising=10_sharpening=1.334
239,604,10,1.5,85.0,crop=604_denoising=10_sharpening=1.5
240,604,13,0.01,85.0,crop=604_denoising=13_sharpening=0.01
241,604,13,0.176,85.0,crop=604_denoising=13_sharpening=0.176
242,604,13,0.341,85.0,crop=604_denoising=13_sharpening=0.341
243,604,13,0.507,85.0,crop=604_denoising=13_sharpening=0.507
244,604,13,0.672,85.0,crop=604_denoising=13_sharpening=0.672
245,604,13,0.838,85.0,crop=604_denoising=13_sharpening=0.838
246,604,13,1.003,85.0,crop=604_denoising=13_sharpening=1.003
247,604,13,1.169,85.0,crop=604_denoising=13_sharpening=1.169
248,604,13,1.334,85.0,crop=604_denoising=13_sharpening=1.334
249,604,13,1.5,85.0,crop=604_denoising=13_sharpening=1.5
250,604,17,0.01,85.0,crop=604_denoising=17_sharpening=0.01
251,604,17,0.176,85.0,crop=604_denoising=17_sharpening=0.176
252,604,17,0.341,85.0,crop=604_denoising=17_sharpening=0.341
253,604,17,0.507,85.0,crop=604_denoising=17_sharpening=0.507
254,604,17,0.672,85.0,crop=604_denoising=17_sharpening=0.672
255,604,17,0.838,85.0,crop=604_denoising=17_sharpening=0.838
256,604,17,1.003,85.0,crop=604_denoising=17_sharpening=1.003
257,604,17,1.169,85.0,crop=604_denoising=17_sharpening=1.169
258,604,17,1.334,85.0,crop=604_denoising=17_sharpening=1.334
259,604,17,1.5,85.0,crop=604_denoising=17_sharpening=1.5
260,604,20,0.01,85.0,crop=604_denoising=20_sharpening=0.01
261,604,20,0.176,85.0,crop=604_denoising=20_sharpening=0.176
262,604,20,0.341,85.0,crop=604_denoising=20_sharpening=0.341
263,604,20,0.507,85.0,crop=604_denoising=20_sharpening=0.507
264,604,20,0.672,85.0,crop=604_denoising=20_sharpening=0.672
265,604,20,0.838,85.0,crop=604_denoising=20_sharpening=0.838
266,604,20,1.003,85.0,crop=604_denoising=20_sharpening=1.003
267,604,20,1.169,85.0,crop=604_denoising=20_sharpening=1.169
268,604,20,1.334,85.0,crop=604_denoising=20_sharpening=1.334
269,604,20,1.5,85.0,crop=604_denoising=20_sharpening=1.5
270,604,23,0.01,85.0,crop=604_denoising=23_sharpening=0.01
271,604,23,0.176,85.0,crop=604_denoising=23_sharpening=0.176
272,604,23,0.341,85.0,crop=604_denoising=23_sharpening=0.341
273,604,23,0.507,85.0,crop=604_denoising=23_sharpening=0.507
274,604,23,0.672,85.0,crop=604_denoising=23_sharpening=0.672
275,604,23,0.838,85.0,crop=604_denoising=23_sharpening=0.838
276,604,23,1.003,85.0,crop=604_denoising=23_sharpening=1.003
277,604,23,1.169,85.0,crop=604_denoising=23_sharpening=1.169
278,604,23,1.334,85.0,crop=604_denoising=23_sharpening=1.334
279,604,23,1.5,85.0,crop=604_denoising=23_sharpening=1.5
280,604,26,0.01,85.0,crop=604_denoising=26_sharpening=0.01
281,604,26,0.176,85.0,crop=604_denoising=26_sharpening=0.176
282,604,26,0.341,85.0,crop=604_denoising=26_sharpening=0.341
283,604,26,0.507,85.0,crop=604_denoising=26_sharpening=0.507
284,604,26,0.672,85.0,crop=604_denoising=26_sharpening=0.672
285,604,26,0.838,85.0,crop=604_denoising=26_sharpening=0.838
286,604,26,1.003,85.0,crop=604_denoising=26_sharpening=1.003
287,604,26,1.169,85.0,crop=604_denoising=26_sharpening=1.169
288,604,26,1.334,85.0,crop=604_denoising=26_sharpening=1.334
289,604,26,1.5,85.0,crop=604_denoising=26_sharpening=1.5
290,604,30,0.01,85.0,crop=604_denoising=30_sharpening=0.01
291,604,30,0.176,85.0,crop=604_denoising=30_sharpening=0.176
292,604,30,0.341,85.0,crop=604_denoising=30_sharpening=0.341
293,604,30,0.507,85.0,crop=604_denoising=30_sharpening=0.507
294,604,30,0.672,85.0,crop=604_denoising=30_sharpening=0.672
295,604,30,0.838,85.0,crop=604_denoising=30_sharpening=0.838
296,604,30,1.003,85.0,crop=604_denoising=30_sharpening=1.003
297,604,30,1.169,85.0,crop=604_denoising=30_sharpening=1.169
298,604,30,1.334,85.0,crop=604_denoising=30_sharpening=1.334
299,604,30,1.5,85.0,crop=604_denoising=30_sharpening=1.5
300,651,1,0.01,85.0,crop=651_denoising=1_sharpening=0.01
301,651,1,0.176,85.0,crop=651_denoising=1_sharpening=0.176
302,651,1,0.341,85.0,crop=651_denoising=1_sharpening=0.341
303,651,1,0.507,85.0,crop=651_denoising=1_sharpening=0.507
304,651,1,0.672,85.0,crop=651_denoising=1_sharpening=0.672
305,651,1,0.838,85.0,crop=651_denoising=1_sharpening=0.838
306,651,1,1.003,85.0,crop=651_denoising=1_sharpening=1.003
307,651,1,1.169,85.0,crop=651_denoising=1_sharpening=1.169
308,651,1,1.334,85.0,crop=651_denoising=1_sharpening=1.334
309,651,1,1.5,85.0,crop=651_denoising=1_sharpening=1.5
310,651,4,0.01,85.0,crop=651_denoising=4_sharpening=0.01
311,651,4,0.176,85.0,crop=651_denoising=4_sharpening=0.176
312,651,4,0.341,85.0,crop=651_denoising=4_sharpening=0.341
313,651,4,0.507,85.0,crop=651_denoising=4_sharpening=0.507
314,651,4,0.672,85.0,crop=651_denoising=4_sharpening=0.672
315,651,4,0.838,85.0,crop=651_denoising=4_sharpening=0.838
316,651,4,1.003,85.0,crop=651_denoising=4_sharpening=1.003
317,651,4,1.169,85.0,crop=651_denoising=4_sharpening=1.169
318,651,4,1.334,85.0,crop=651_denoising=4_sharpening=1.334
319,651,4,1.5,85.0,crop=651_denoising=4_sharpening=1.5
320,651,7,0.01,85.0,crop=651_denoising=7_sharpening=0.01
321,651,7,0.176,85.0,crop=651_denoising=7_sharpening=0.176
322,651,7,0.341,85.0,crop=651_denoising=7_sharpening=0.341
323,651,7,0.507,85.0,crop=651_denoising=7_sharpening=0.507
324,651,7,0.672,85.0,crop=651_denoising=7_sharpening=0.672
325,651,7,0.838,85.0,crop=651_denoising=7_sharpening=0.838
326,651,7,1.003,85.0,crop=651_denoising=7_sharpening=1.003
327,651,7,1.169,85.0,crop=651_denoising=7_sharpening=1.169
328,651,7,1.334,85.0,crop=651_denoising=7_sharpening=1.334
329,651,7,1.5,85.0,crop=651_denoising=7_sharpening=1.5
330,651,10,0.01,85.0,crop=651_denoising=10_sharpening=0.01
331,651,10,0.176,85.0,crop=651_denoising=10_sharpening=0.176
332,651,10,0.341,85.0,crop=651_denoising=10_sharpening=0.341
333,651,10,0.507,85.0,crop=651_denoising=10_sharpening=0.507
334,651,10,0.672,85.0,crop=651_denoising=10_sharpening=0.672
335,651,10,0.838,85.0,crop=651_denoising=10_sharpening=0.838
336,651,10,1.003,85.0,crop=651_denoising=10_sharpening=1.003
337,651,10,1.169,85.0,crop=651_denoising=10_sharpening=1.169
338,651,10,1.334,85.0,crop=651_denoising=10_sharpening=1.334
339,651,10,1.5,85.0,crop=651_denoising=10_sharpening=1.5
340,651,13,0.01,85.0,crop=651_denoising=13_sharpening=0.01
341,651,13,0.176,85.0,crop=651_denoising=13_sharpening=0.176
342,651,13,0.341,85.0,crop=651_denoising=13_sharpening=0.341
343,651,13,0.507,85.0,crop=651_denoising=13_sharpening=0.507
344,651,13,0.672,85.0,crop=651_denoising=13_sharpening=0.672
345,651,13,0.838,85.0,crop=651_denoising=13_sharpening=0.838
346,651,13,1.003,85.0,crop=651_denoising=13_sharpening=1.003
347,651,13,1.169,85.0,crop=651_denoising=13_sharpening=1.169
348,651,13,1.334,85.0,crop=651_denoising=13_sharpening=1.334
349,651,13,1.5,85.0,crop=651_denoising=13_sharpening=1.5
350,651,17,0.01,85.0,crop=651_denoising=17_sharpening=0.01
351,651,17,0.176,85.0,crop=651_denoising=17_sharpening=0.176
352,651,17,0.341,85.0,crop=651_denoising=17_sharpening=0.341
353,651,17,0.507,85.0,crop=651_denoising=17_sharpening=0.507
354,651,17,0.672,85.0,crop=651_denoising=17_sharpening=0.672
355,651,17,0.838,85.0,crop=651_denoising=17_sharpening=0.838
356,651,17,1.003,85.0,crop=651_denoising=17_sharpening=1.003
357,651,17,1.169,85.0,crop=651_denoising=17_sharpening=1.169
358,651,17,1.334,85.0,crop=651_denoising=17_sharpening=1.334
359,651,17,1.5,85.0,crop=651_denoising=17_sharpening=1.5
360,651,20,0.01,85.0,crop=651_denoising=20_sharpening=0.01
361,651,20,0.176,85.0,crop=651_denoising=20_sharpening=0.176
362,651,20,0.341,85.0,crop=651_denoising=20_sharpening=0.341
363,651,20,0.507,85.0,crop=651_denoising=20_sharpening=0.507
364,651,20,0.672,85.0,crop=651_denoising=20_sharpening=0.672
365,651,20,0.838,85.0,crop=651_denoising=20_sharpening=0.838
366,651,20,1.003,85.0,crop=651_denoising=20_sharpening=1.003
367,651,20,1.169,85.0,crop=651_denoising=20_sharpening=1.169
368,651,20,1.334,85.0,crop=651_denoising=20_sharpening=1.334
369,651,20,1.5,85.0,crop=651_denoising=20_sharpening=1.5
370,651,23,0.01,85.0,crop=651_denoising=23_sharpening=0.01
371,651,23,0.176,85.0,crop=651_denoising=23_sharpening=0.176
372,651,23,0.341,85.0,crop=651_denoising=23_sharpening=0.341
373,651,23,0.507,85.0,crop=651_denoising=23_sharpening=0.507
374,651,23,0.672,85.0,crop=651_denoising=23_sharpening=0.672
375,651,23,0.838,85.0,crop=651_denoising=23_sharpening=0.838
376,651,23,1.003,85.0,crop=651_denoising=23_sharpening=1.003
377,651,23,1.169,85.0,crop=651_denoising=23_sharpening=1.169
378,651,23,1.334,85.0,crop=651_denoising=23_sharpening=1.334
379,651,23,1.5,85.0,crop=651_denoising=23_sharpening=1.5
380,651,26,0.01,85.0,crop=651_denoising=26_sharpening=0.01
381,651,26,0.176,85.0,crop=651_denoising=26_sharpening=0.176
382,651,26,0.341,85.0,crop=651_denoising=26_sharpening=0.341
383,651,26,0.507,85.0,crop=651_denoising=26_sharpening=0.507
384,651,26,0.672,85.0,crop=651_denoising=26_sharpening=0.672
385,651,26,0.838,85.0,crop=651_denoising=26_sharpening=0.838
386,651,26,1.003,85.0,crop=651_denoising=26_sharpening=1.003
387,651,26,1.169,85.0,crop=651_denoising=26_sharpening=1.169
388,651,26,1.334,85.0,crop=651_denoising=26_sharpening=1.334
389,651,26,1.5,85.0,crop=651_denoising=26_sharpening=1.5
390,651,30,0.01,85.0,crop=651_denoising=30_sharpening=0.01
391,651,30,0.176,85.0,crop=651_denoising=30_sharpening=0.176
392,651,30,0.341,85.0,crop=651_denoising=30_sharpening=0.341
393,651,30,0.507,85.0,crop=651_denoising=30_sharpening=0.507
394,651,30,0.672,85.0,crop=651_denoising=30_sharpening=0.672
395,651,30,0.838,85.0,crop=651_denoising=30_sharpening=0.838
396,651,30,1.003,85.0,crop=651_denoising=30_sharpening=1.003
397,651,30,1.169,85.0,crop=651_denoising=30_sharpening=1.169
398,651,30,1.334,85.0,crop=651_denoising=30_sharpening=1.334
399,651,30,1.5,85.0,crop=651_denoising=30_sharpening=1.5
400,697,1,0.01,85.0,crop=697_denoising=1_sharpening=0.01
401,697,1,0.176,85.0,crop=697_denoising=1_sharpening=0.176
402,697,1,0.341,85.0,crop=697_denoising=1_sharpening=0.341
403,697,1,0.507,85.0,crop=697_denoising=1_sharpening=0.507
404,697,1,0.672,85.0,crop=697_denoising=1_sharpening=0.672
405,697,1,0.838,85.0,crop=697_denoising=1_sharpening=0.838
406,697,1,1.003,85.0,crop=697_denoising=1_sharpening=1.003
407,697,1,1.169,85.0,crop=697_denoising=1_sharpening=1.169
408,697,1,1.334,85.0,crop=697_denoising=1_sharpening=1.334
409,697,1,1.5,85.0,crop=697_denoising=1_sharpening=1.5
410,697,4,0.01,85.0,crop=697_denoising=4_sharpening=0.01
411,697,4,0.176,85.0,crop=697_denoising=4_sharpening=0.176
412,697,4,0.341,85.0,crop=697_denoising=4_sharpening=0.341
413,697,4,0.507,85.0,crop=697_denoising=4_sharpening=0.507
414,697,4,0.672,85.0,crop=697_denoising=4_sharpening=0.672
415,697,4,0.838,85.0,crop=697_denoising=4_sharpening=0.838
416,697,4,1.003,85.0,crop=697_denoising=4_sharpening=1.003
417,697,4,1.169,85.0,crop=697_denoising=4_sharpening=1.169
418,697,4,1.334,85.0,crop=697_denoising=4_sharpening=1.334
419,697,4,1.5,85.0,crop=697_denoising=4_sharpening=1.5
420,697,7,0.01,85.0,crop=697_denoising=7_sharpening=0.01
421,697,7,0.176,85.0,crop=697_denoising=7_sharpening=0.176
422,697,7,0.341,85.0,crop=697_denoising=7_sharpening=0.341
423,697,7,0.507,85.0,crop=697_denoising=7_sharpening=0.507
424,697,7,0.672,85.0,crop=697_denoising=7_sharpening=0.672
425,697,7,0.838,85.0,crop=697_denoising=7_sharpening=0.838
426,697,7,1.003,85.0,crop=697_denoising=7_sharpening=1.003
427,697,7,1.169,85.0,crop=697_denoising=7_sharpening=1.169
428,697,7,1.334,85.0,crop=697_denoising=7_sharpening=1.334
429,697,7,1.5,85.0,crop=697_denoising=7_sharpening=1.5
430,697,10,0.01,85.0,crop=697_denoising=10_sharpening=0.01
431,697,10,0.176,85.0,crop=697_denoising=10_sharpening=0.176
432,697,10,0.341,85.0,crop=697_denoising=10_sharpening=0.341
433,697,10,0.507,85.0,crop=697_denoising=10_sharpening=0.507
434,697,10,0.672,85.0,crop=697_denoising=10_sharpening=0.672
435,697,10,0.838,85.0,crop=697_denoising=10_sharpening=0.838
436,697,10,1.003,85.0,crop=697_denoising=10_sharpening=1.003
437,697,10,1.169,85.0,crop=697_denoising=10_sharpening=1.169
438,697,10,1.334,85.0,crop=697_denoising=10_sharpening=1.334
439,697,10,1.5,85.0,crop=697_denoising=10_sharpening=1.5
440,697,13,0.01,85.0,crop=697_denoising=13_sharpening=0.01
441,697,13,0.176,85.0,crop=697_denoising=13_sharpening=0.176
442,697,13,0.341,85.0,crop=697_denoising=13_sharpening=0.341
443,697,13,0.507,85.0,crop=697_denoising=13_sharpening=0.507
444,697,13,0.672,85.0,crop=697_denoising=13_sharpening=0.672
445,697,13,0.838,85.0,crop=697_denoising=13_sharpening=0.838
446,697,13,1.003,85.0,crop=697_denoising=13_sharpening=1.003
447,697,13,1.169,85.0,crop=697_denoising=13_sharpening=1.169
448,697,13,1.334,85.0,crop=697_denoising=13_sharpening=1.334
449,697,13,1.5,85.0,crop=697_denoising=13_sharpening=1.5
450,697,17,0.01,85.0,crop=697_denoising=17_sharpening=0.01
451,697,17,0.176,85.0,crop=697_denoising=17_sharpening=0.176
452,697,17,0.341,85.0,crop=697_denoising=17_sharpening=0.341
453,697,17,0.507,85.0,crop=697_denoising=17_sharpening=0.507
454,697,17,0.672,85.0,crop=697_denoising=17_sharpening=0.672
455,697,17,0.838,85.0,crop=697_denoising=17_sharpening=0.838
456,697,17,1.003,85.0,crop=697_denoising=17_sharpening=1.003
457,697,17,1.169,85.0,crop=697_denoising=17_sharpening=1.169
458,697,17,1.334,85.0,crop=697_denoising=17_sharpening=1.334
459,697,17,1.5,85.0,crop=697_denoising=17_sharpening=1.5
460,697,20,0.01,85.0,crop=697_denoising=20_sharpening=0.01
461,697,20,0.176,85.0,crop=697_denoising=20_sharpening=0.176
462,697,20,0.341,85.0,crop=697_denoising=20_sharpening=0.341
463,697,20,0.507,85.0,crop=697_denoising=20_sharpening=0.507
464,697,20,0.672,85.0,crop=697_denoising=20_sharpening=0.672
465,697,20,0.838,85.0,crop=697_denoising=20_sharpening=0.838
466,697,20,1.003,85.0,crop=697_denoising=20_sharpening=1.003
467,697,20,1.169,85.0,crop=697_denoising=20_sharpening=1.169
468,697,20,1.334,85.0,crop=697_denoising=20_sharpening=1.334
469,697,20,1.5,85.0,crop=697_denoising=20_sharpening=1.5
470,697,23,0.01,85.0,crop=697_denoising=23_sharpening=0.01
471,697,23,0.176,85.0,crop=697_denoising=23_sharpening=0.176
472,697,23,0.341,85.0,crop=697_denoising=23_sharpening=0.341
473,697,23,0.507,85.0,crop=697_denoising=23_sharpening=0.507
474,697,23,0.672,85.0,crop=697_denoising=23_sharpening=0.672
475,697,23,0.838,85.0,crop=697_denoising=23_sharpening=0.838
476,697,23,1.003,85.0,crop=697_denoising=23_sharpening=1.003
477,697,23,1.169,85.0,crop=697_denoising=23_sharpening=1.169
478,697,23,1.334,85.0,crop=697_denoising=23_sharpening=1.334
479,697,23,1.5,85.0,crop=697_denoising=23_sharpening=1.5
480,697,26,0.01,85.0,crop=697_denoising=26_sharpening=0.01
481,697,26,0.176,85.0,crop=697_denoising=26_sharpening=0.176
482,697,26,0.341,85.0,crop=697_denoising=26_sharpening=0.341
483,697,26,0.507,85.0,crop=697_denoising=26_sharpening=0.507
484,697,26,0.672,85.0,crop=697_denoising=26_sharpening=0.672
485,697,26,0.838,85.0,crop=697_denoising=26_sharpening=0.838
486,697,26,1.003,85.0,crop=697_denoising=26_sharpening=1.003
487,697,26,1.169,85.0,crop=697_denoising=26_sharpening=1.169
488,697,26,1.334,85.0,crop=697_denoising=26_sharpening=1.334
489,697,26,1.5,85.0,crop=697_denoising=26_sharpening=1.5
490,697,30,0.01,85.0,crop=697_denoising=30_sharpening=0.01
491,697,30,0.176,85.0,crop=697_denoising=30_sharpening=0.176
492,697,30,0.341,85.0,crop=697_denoising=30_sharpening=0.341
493,697,30,0.507,85.0,crop=697_denoising=30_sharpening=0.507
494,697,30,0.672,85.0,crop=697_denoising=30_sharpening=0.672
495,697,30,0.838,85.0,crop=697_denoising=30_sharpening=0.838
496,697,30,1.003,85.0,crop=697_denoising=30_sharpening=1.003
497,697,30,1.169,85.0,crop=697_denoising=30_sharpening=1.169
498,697,30,1.334,85.0,crop=697_denoising=30_sharpening=1.334
499,697,30,1.5,85.0,crop=697_denoising=30_sharpening=1.5
500,744,1,0.01,85.0,crop=744_denoising=1_sharpening=0.01
501,744,1,0.176,85.0,crop=744_denoising=1_sharpening=0.176
502,744,1,0.341,85.0,crop=744_denoising=1_sharpening=0.341
503,744,1,0.507,85.0,crop=744_denoising=1_sharpening=0.507
504,744,1,0.672,85.0,crop=744_denoising=1_sharpening=0.672
505,744,1,0.838,85.0,crop=744_denoising=1_sharpening=0.838
506,744,1,1.003,85.0,crop=744_denoising=1_sharpening=1.003
507,744,1,1.169,85.0,crop=744_denoising=1_sharpening=1.169
508,744,1,1.334,85.0,crop=744_denoising=1_sharpening=1.334
509,744,1,1.5,85.0,crop=744_denoising=1_sharpening=1.5
510,744,4,0.01,85.0,crop=744_denoising=4_sharpening=0.01
511,744,4,0.176,85.0,crop=744_denoising=4_sharpening=0.176
512,744,4,0.341,85.0,crop=744_denoising=4_sharpening=0.341
513,744,4,0.507,85.0,crop=744_denoising=4_sharpening=0.507
514,744,4,0.672,85.0,crop=744_denoising=4_sharpening=0.672
515,744,4,0.838,85.0,crop=744_denoising=4_sharpening=0.838
516,744,4,1.003,85.0,crop=744_denoising=4_sharpening=1.003
517,744,4,1.169,85.0,crop=744_denoising=4_sharpening=1.169
518,744,4,1.334,85.0,crop=744_denoising=4_sharpening=1.334
519,744,4,1.5,85.0,crop=744_denoising=4_sharpening=1.5
520,744,7,0.01,85.0,crop=744_denoising=7_sharpening=0.01
521,744,7,0.176,85.0,crop=744_denoising=7_sharpening=0.176
522,744,7,0.341,85.0,crop=744_denoising=7_sharpening=0.341
523,744,7,0.507,85.0,crop=744_denoising=7_sharpening=0.507
524,744,7,0.672,85.0,crop=744_denoising=7_sharpening=0.672
525,744,7,0.838,85.0,crop=744_denoising=7_sharpening=0.838
526,744,7,1.003,85.0,crop=744_denoising=7_sharpening=1.003
527,744,7,1.169,85.0,crop=744_denoising=7_sharpening=1.169
528,744,7,1.334,85.0,crop=744_denoising=7_sharpening=1.334
529,744,7,1.5,85.0,crop=744_denoising=7_sharpening=1.5
530,744,10,0.01,85.0,crop=744_denoising=10_sharpening=0.01
531,744,10,0.176,85.0,crop=744_denoising=10_sharpening=0.176
532,744,10,0.341,85.0,crop=744_denoising=10_sharpening=0.341
533,744,10,0.507,85.0,crop=744_denoising=10_sharpening=0.507
534,744,10,0.672,85.0,crop=744_denoising=10_sharpening=0.672
535,744,10,0.838,85.0,crop=744_denoising=10_sharpening=0.838
536,744,10,1.003,85.0,crop=744_denoising=10_sharpening=1.003
537,744,10,1.169,85.0,crop=744_denoising=10_sharpening=1.169
538,744,10,1.334,85.0,crop=744_denoising=10_sharpening=1.334
539,744,10,1.5,85.0,crop=744_denoising=10_sharpening=1.5
540,744,13,0.01,85.0,crop=744_denoising=13_sharpening=0.01
541,744,13,0.176,85.0,crop=744_denoising=13_sharpening=0.176
542,744,13,0.341,85.0,crop=744_denoising=13_sharpening=0.341
543,744,13,0.507,85.0,crop=744_denoising=13_sharpening=0.507
544,744,13,0.672,85.0,crop=744_denoising=13_sharpening=0.672
545,744,13,0.838,85.0,crop=744_denoising=13_sharpening=0.838
546,744,13,1.003,85.0,crop=744_denoising=13_sharpening=1.003
547,744,13,1.169,85.0,crop=744_denoising=13_sharpening=1.169
548,744,13,1.334,85.0,crop=744_denoising=13_sharpening=1.334
549,744,13,1.5,85.0,crop=744_denoising=13_sharpening=1.5
550,744,17,0.01,85.0,crop=744_denoising=17_sharpening=0.01
551,744,17,0.176,85.0,crop=744_denoising=17_sharpening=0.176
552,744,17,0.341,85.0,crop=744_denoising=17_sharpening=0.341
553,744,17,0.507,85.0,crop=744_denoising=17_sharpening=0.507
554,744,17,0.672,85.0,crop=744_denoising=17_sharpening=0.672
555,744,17,0.838,85.0,crop=744_denoising=17_sharpening=0.838
556,744,17,1.003,85.0,crop=744_denoising=17_sharpening=1.003
557,744,17,1.169,85.0,crop=744_denoising=17_sharpening=1.169
558,744,17,1.334,85.0,crop=744_denoising=17_sharpening=1.334
559,744,17,1.5,85.0,crop=744_denoising=17_sharpening=1.5
560,744,20,0.01,85.0,crop=744_denoising=20_sharpening=0.01
561,744,20,0.176,85.0,crop=744_denoising=20_sharpening=0.176
562,744,20,0.341,85.0,crop=744_denoising=20_sharpening=0.341
563,744,20,0.507,85.0,crop=744_denoising=20_sharpening=0.507
564,744,20,0.672,85.0,crop=744_denoising=20_sharpening=0.672
565,744,20,0.838,85.0,crop=744_denoising=20_sharpening=0.838
566,744,20,1.003,85.0,crop=744_denoising=20_sharpening=1.003
567,744,20,1.169,85.0,crop=744_denoising=20_sharpening=1.169
568,744,20,1.334,85.0,crop=744_denoising=20_sharpening=1.334
569,744,20,1.5,85.0,crop=744_denoising=20_sharpening=1.5
570,744,23,0.01,85.0,crop=744_denoising=23_sharpening=0.01
571,744,23,0.176,85.0,crop=744_denoising=23_sharpening=0.176
572,744,23,0.341,85.0,crop=744_denoising=23_sharpening=0.341
573,744,23,0.507,85.0,crop=744_denoising=23_sharpening=0.507
574,744,23,0.672,85.0,crop=744_denoising=23_sharpening=0.672
575,744,23,0.838,85.0,crop=744_denoising=23_sharpening=0.838
576,744,23,1.003,85.0,crop=744_denoising=23_sharpening=1.003
577,744,23,1.169,85.0,crop=744_denoising=23_sharpening=1.169
578,744,23,1.334,85.0,crop=744_denoising=23_sharpening=1.334
579,744,23,1.5,85.0,crop=744_denoising=23_sharpening=1.5
580,744,26,0.01,85.0,crop=744_denoising=26_sharpening=0.01
581,744,26,0.176,85.0,crop=744_denoising=26_sharpening=0.176
582,744,26,0.341,85.0,crop=744_denoising=26_sharpening=0.341
583,744,26,0.507,85.0,crop=744_denoising=26_sharpening=0.507
584,744,26,0.672,85.0,crop=744_denoising=26_sharpening=0.672
585,744,26,0.838,85.0,crop=744_denoising=26_sharpening=0.838
586,744,26,1.003,85.0,crop=744_denoising=26_sharpening=1.003
587,744,26,1.169,85.0,crop=744_denoising=26_sharpening=1.169
588,744,26,1.334,85.0,crop=744_denoising=26_sharpening=1.334
589,744,26,1.5,85.0,crop=744_denoising=26_sharpening=1.5
590,744,30,0.01,85.0,crop=744_denoising=30_sharpening=0.01
591,744,30,0.176,85.0,crop=744_denoising=30_sharpening=0.176
592,744,30,0.341,85.0,crop=744_denoising=30_sharpening=0.341
593,744,30,0.507,85.0,crop=744_denoising=30_sharpening=0.507
594,744,30,0.672,85.0,crop=744_denoising=30_sharpening=0.672
595,744,30,0.838,85.0,crop=744_denoising=30_sharpening=0.838
596,744,30,1.003,85.0,crop=744_denoising=30_sharpening=1.003
597,744,30,1.169,85.0,crop=744_denoising=30_sharpening=1.169
598,744,30,1.334,85.0,crop=744_denoising=30_sharpening=1.334
599,744,30,1.5,85.0,crop=744_denoising=30_sharpening=1.5
600,790,1,0.01,85.0,crop=790_denoising=1_sharpening=0.01
601,790,1,0.176,85.0,crop=790_denoising=1_sharpening=0.176
602,790,1,0.341,85.0,crop=790_denoising=1_sharpening=0.341
603,790,1,0.507,85.0,crop=790_denoising=1_sharpening=0.507
604,790,1,0.672,85.0,crop=790_denoising=1_sharpening=0.672
605,790,1,0.838,85.0,crop=790_denoising=1_sharpening=0.838
606,790,1,1.003,85.0,crop=790_denoising=1_sharpening=1.003
607,790,1,1.169,85.0,crop=790_denoising=1_sharpening=1.169
608,790,1,1.334,85.0,crop=790_denoising=1_sharpening=1.334
609,790,1,1.5,85.0,crop=790_denoising=1_sharpening=1.5
610,790,4,0.01,85.0,crop=790_denoising=4_sharpening=0.01
611,790,4,0.176,85.0,crop=790_denoising=4_sharpening=0.176
612,790,4,0.341,85.0,crop=790_denoising=4_sharpening=0.341
613,790,4,0.507,85.0,crop=790_denoising=4_sharpening=0.507
614,790,4,0.672,85.0,crop=790_denoising=4_sharpening=0.672
615,790,4,0.838,85.0,crop=790_denoising=4_sharpening=0.838
616,790,4,1.003,85.0,crop=790_denoising=4_sharpening=1.003
617,790,4,1.169,85.0,crop=790_denoising=4_sharpening=1.169
618,790,4,1.334,85.0,crop=790_denoising=4_sharpening=1.334
619,790,4,1.5,85.0,crop=790_denoising=4_sharpening=1.5
620,790,7,0.01,85.0,crop=790_denoising=7_sharpening=0.01
621,790,7,0.176,85.0,crop=790_denoising=7_sharpening=0.176
622,790,7,0.341,85.0,crop=790_denoising=7_sharpening=0.341
623,790,7,0.507,85.0,crop=790_denoising=7_sharpening=0.507
624,790,7,0.672,85.0,crop=790_denoising=7_sharpening=0.672
625,790,7,0.838,85.0,crop=790_denoising=7_sharpening=0.838
626,790,7,1.003,85.0,crop=790_denoising=7_sharpening=1.003
627,790,7,1.169,85.0,crop=790_denoising=7_sharpening=1.169
628,790,7,1.334,85.0,crop=790_denoising=7_sharpening=1.334
629,790,7,1.5,85.0,crop=790_denoising=7_sharpening=1.5
630,790,10,0.01,85.0,crop=790_denoising=10_sharpening=0.01
631,790,10,0.176,85.0,crop=790_denoising=10_sharpening=0.176
632,790,10,0.341,85.0,crop=790_denoising=10_sharpening=0.341
633,790,10,0.507,85.0,crop=790_denoising=10_sharpening=0.507
634,790,10,0.672,85.0,crop=790_denoising=10_sharpening=0.672
635,790,10,0.838,85.0,crop=790_denoising=10_sharpening=0.838
636,790,10,1.003,85.0,crop=790_denoising=10_sharpening=1.003
637,790,10,1.169,85.0,crop=790_denoising=10_sharpening=1.169
638,790,10,1.334,85.0,crop=790_denoising=10_sharpening=1.334
639,790,10,1.5,85.0,crop=790_denoising=10_sharpening=1.5
640,790,13,0.01,85.0,crop=790_denoising=13_sharpening=0.01
641,790,13,0.176,85.0,crop=790_denoising=13_sharpening=0.176
642,790,13,0.341,85.0,crop=790_denoising=13_sharpening=0.341
643,790,13,0.507,85.0,crop=790_denoising=13_sharpening=0.507
644,790,13,0.672,85.0,crop=790_denoising=13_sharpening=0.672
645,790,13,0.838,85.0,crop=790_denoising=13_sharpening=0.838
646,790,13,1.003,85.0,crop=790_denoising=13_sharpening=1.003
647,790,13,1.169,85.0,crop=790_denoising=13_sharpening=1.169
648,790,13,1.334,85.0,crop=790_denoising=13_sharpening=1.334
649,790,13,1.5,85.0,crop=790_denoising=13_sharpening=1.5
650,790,17,0.01,85.0,crop=790_denoising=17_sharpening=0.01
651,790,17,0.176,85.0,crop=790_denoising=17_sharpening=0.176
652,790,17,0.341,85.0,crop=790_denoising=17_sharpening=0.341
653,790,17,0.507,85.0,crop=790_denoising=17_sharpening=0.507
654,790,17,0.672,85.0,crop=790_denoising=17_sharpening=0.672
655,790,17,0.838,85.0,crop=790_denoising=17_sharpening=0.838
656,790,17,1.003,85.0,crop=790_denoising=17_sharpening=1.003
657,790,17,1.169,85.0,crop=790_denoising=17_sharpening=1.169
658,790,17,1.334,85.0,crop=790_denoising=17_sharpening=1.334
659,790,17,1.5,85.0,crop=790_denoising=17_sharpening=1.5
660,790,20,0.01,85.0,crop=790_denoising=20_sharpening=0.01
661,790,20,0.176,85.0,crop=790_denoising=20_sharpening=0.176
662,790,20,0.341,85.0,crop=790_denoising=20_sharpening=0.341
663,790,20,0.507,85.0,crop=790_denoising=20_sharpening=0.507
664,790,20,0.672,85.0,crop=790_denoising=20_sharpening=0.672
665,790,20,0.838,85.0,crop=790_denoising=20_sharpening=0.838
666,790,20,1.003,85.0,crop=790_denoising=20_sharpening=1.003
667,790,20,1.169,85.0,crop=790_denoising=20_sharpening=1.169
668,790,20,1.334,85.0,crop=790_denoising=20_sharpening=1.334
669,790,20,1.5,85.0,crop=790_denoising=20_sharpening=1.5
670,790,23,0.01,85.0,crop=790_denoising=23_sharpening=0.01
671,790,23,0.176,85.0,crop=790_denoising=23_sharpening=0.176
672,790,23,0.341,85.0,crop=790_denoising=23_sharpening=0.341
673,790,23,0.507,85.0,crop=790_denoising=23_sharpening=0.507
674,790,23,0.672,85.0,crop=790_denoising=23_sharpening=0.672
675,790,23,0.838,85.0,crop=790_denoising=23_sharpening=0.838
676,790,23,1.003,85.0,crop=790_denoising=23_sharpening=1.003
677,790,23,1.169,85.0,crop=790_denoising=23_sharpening=1.169
678,790,23,1.334,85.0,crop=790_denoising=23_sharpening=1.334
679,790,23,1.5,85.0,crop=790_denoising=23_sharpening=1.5
680,790,26,0.01,85.0,crop=790_denoising=26_sharpening=0.01
681,790,26,0.176,85.0,crop=790_denoising=26_sharpening=0.176
682,790,26,0.341,85.0,crop=790_denoising=26_sharpening=0.341
683,790,26,0.507,85.0,crop=790_denoising=26_sharpening=0.507
684,790,26,0.672,85.0,crop=790_denoising=26_sharpening=0.672
685,790,26,0.838,85.0,crop=790_denoising=26_sharpening=0.838
686,790,26,1.003,85.0,crop=790_denoising=26_sharpening=1.003
687,790,26,1.169,85.0,crop=790_denoising=26_sharpening=1.169
688,790,26,1.334,85.0,crop=790_denoising=26_sharpening=1.334
689,790,26,1.5,85.0,crop=790_denoising=26_sharpening=1.5
690,790,30,0.01,85.0,crop=790_denoising=30_sharpening=0.01
691,790,30,0.176,85.0,crop=790_denoising=30_sharpening=0.176
692,790,30,0.341,85.0,crop=790_denoising=30_sharpening=0.341
693,790,30,0.507,85.0,crop=790_denoising=30_sharpening=0.507
694,790,30,0.672,85.0,crop=790_denoising=30_sharpening=0.672
695,790,30,0.838,85.0,crop=790_denoising=30_sharpening=0.838
696,790,30,1.003,85.0,crop=790_denoising=30_sharpening=1.003
697,790,30,1.169,85.0,crop=790_denoising=30_sharpening=1.169
698,790,30,1.334,85.0,crop=790_denoising=30_sharpening=1.334
699,790,30,1.5,85.0,crop=790_denoising=30_sharpening=1.5
700,837,1,0.01,85.0,crop=837_denoising=1_sharpening=0.01
701,837,1,0.176,85.0,crop=837_denoising=1_sharpening=0.176
702,837,1,0.341,85.0,crop=837_denoising=1_sharpening=0.341
703,837,1,0.507,85.0,crop=837_denoising=1_sharpening=0.507
704,837,1,0.672,85.0,crop=837_denoising=1_sharpening=0.672
705,837,1,0.838,85.0,crop=837_denoising=1_sharpening=0.838
706,837,1,1.003,85.0,crop=837_denoising=1_sharpening=1.003
707,837,1,1.169,85.0,crop=837_denoising=1_sharpening=1.169
708,837,1,1.334,85.0,crop=837_denoising=1_sharpening=1.334
709,837,1,1.5,85.0,crop=837_denoising=1_sharpening=1.5
710,837,4,0.01,85.0,crop=837_denoising=4_sharpening=0.01
711,837,4,0.176,85.0,crop=837_denoising=4_sharpening=0.176
712,837,4,0.341,85.0,crop=837_denoising=4_sharpening=0.341
713,837,4,0.507,85.0,crop=837_denoising=4_sharpening=0.507
714,837,4,0.672,85.0,crop=837_denoising=4_sharpening=0.672
715,837,4,0.838,85.0,crop=837_denoising=4_sharpening=0.838
716,837,4,1.003,85.0,crop=837_denoising=4_sharpening=1.003
717,837,4,1.169,85.0,crop=837_denoising=4_sharpening=1.169
718,837,4,1.334,85.0,crop=837_denoising=4_sharpening=1.334
719,837,4,1.5,85.0,crop=837_denoising=4_sharpening=1.5
720,837,7,0.01,85.0,crop=837_denoising=7_sharpening=0.01
721,837,7,0.176,85.0,crop=837_denoising=7_sharpening=0.176
722,837,7,0.341,85.0,crop=837_denoising=7_sharpening=0.341
723,837,7,0.507,85.0,crop=837_denoising=7_sharpening=0.507
724,837,7,0.672,85.0,crop=837_denoising=7_sharpening=0.672
725,837,7,0.838,85.0,crop=837_denoising=7_sharpening=0.838
726,837,7,1.003,85.0,crop=837_denoising=7_sharpening=1.003
727,837,7,1.169,85.0,crop=837_denoising=7_sharpening=1.169
728,837,7,1.334,85.0,crop=837_denoising=7_sharpening=1.334
729,837,7,1.5,85.0,crop=837_denoising=7_sharpening=1.5
730,837,10,0.01,85.0,crop=837_denoising=10_sharpening=0.01
731,837,10,0.176,85.0,crop=837_denoising=10_sharpening=0.176
732,837,10,0.341,85.0,crop=837_denoising=10_sharpening=0.341
733,837,10,0.507,85.0,crop=837_denoising=10_sharpening=0.507
734,837,10,0.672,85.0,crop=837_denoising=10_sharpening=0.672
735,837,10,0.838,85.0,crop=837_denoising=10_sharpening=0.838
736,837,10,1.003,85.0,crop=837_denoising=10_sharpening=1.003
737,837,10,1.169,85.0,crop=837_denoising=10_sharpening=1.169
738,837,10,1.334,85.0,crop=837_denoising=10_sharpening=1.334
739,837,10,1.5,85.0,crop=837_denoising=10_sharpening=1.5
740,837,13,0.01,85.0,crop=837_denoising=13_sharpening=0.01
741,837,13,0.176,85.0,crop=837_denoising=13_sharpening=0.176
742,837,13,0.341,85.0,crop=837_denoising=13_sharpening=0.341
743,837,13,0.507,85.0,crop=837_denoising=13_sharpening=0.507
744,837,13,0.672,85.0,crop=837_denoising=13_sharpening=0.672
745,837,13,0.838,85.0,crop=837_denoising=13_sharpening=0.838
746,837,13,1.003,85.0,crop=837_denoising=13_sharpening=1.003
747,837,13,1.169,85.0,crop=837_denoising=13_sharpening=1.169
748,837,13,1.334,85.0,crop=837_denoising=13_sharpening=1.334
749,837,13,1.5,85.0,crop=837_denoising=13_sharpening=1.5
750,837,17,0.01,85.0,crop=837_denoising=17_sharpening=0.01
751,837,17,0.176,85.0,crop=837_denoising=17_sharpening=0.176
752,837,17,0.341,85.0,crop=837_denoising=17_sharpening=0.341
753,837,17,0.507,85.0,crop=837_denoising=17_sharpening=0.507
754,837,17,0.672,85.0,crop=837_denoising=17_sharpening=0.672
755,837,17,0.838,85.0,crop=837_denoising=17_sharpening=0.838
756,837,17,1.003,85.0,crop=837_denoising=17_sharpening=1.003
757,837,17,1.169,85.0,crop=837_denoising=17_sharpening=1.169
758,837,17,1.334,85.0,crop=837_denoising=17_sharpening=1.334
759,837,17,1.5,85.0,crop=837_denoising=17_sharpening=1.5
760,837,20,0.01,85.0,crop=837_denoising=20_sharpening=0.01
761,837,20,0.176,85.0,crop=837_denoising=20_sharpening=0.176
762,837,20,0.341,85.0,crop=837_denoising=20_sharpening=0.341
763,837,20,0.507,85.0,crop=837_denoising=20_sharpening=0.507
764,837,20,0.672,85.0,crop=837_denoising=20_sharpening=0.672
765,837,20,0.838,85.0,crop=837_denoising=20_sharpening=0.838
766,837,20,1.003,85.0,crop=837_denoising=20_sharpening=1.003
767,837,20,1.169,85.0,crop=837_denoising=20_sharpening=1.169
768,837,20,1.334,85.0,crop=837_denoising=20_sharpening=1.334
769,837,20,1.5,85.0,crop=837_denoising=20_sharpening=1.5
770,837,23,0.01,85.0,crop=837_denoising=23_sharpening=0.01
771,837,23,0.176,85.0,crop=837_denoising=23_sharpening=0.176
772,837,23,0.341,85.0,crop=837_denoising=23_sharpening=0.341
773,837,23,0.507,85.0,crop=837_denoising=23_sharpening=0.507
774,837,23,0.672,85.0,crop=837_denoising=23_sharpening=0.672
775,837,23,0.838,85.0,crop=837_denoising=23_sharpening=0.838
776,837,23,1.003,85.0,crop=837_denoising=23_sharpening=1.003
777,837,23,1.169,85.0,crop=837_denoising=23_sharpening=1.169
778,837,23,1.334,85.0,crop=837_denoising=23_sharpening=1.334
779,837,23,1.5,85.0,crop=837_denoising=23_sharpening=1.5
780,837,26,0.01,85.0,crop=837_denoising=26_sharpening=0.01
781,837,26,0.176,85.0,crop=837_denoising=26_sharpening=0.176
782,837,26,0.341,85.0,crop=837_denoising=26_sharpening=0.341
783,837,26,0.507,85.0,crop=837_denoising=26_sharpening=0.507
784,837,26,0.672,85.0,crop=837_denoising=26_sharpening=0.672
785,837,26,0.838,85.0,crop=837_denoising=26_sharpening=0.838
786,837,26,1.003,85.0,crop=837_denoising=26_sharpening=1.003
787,837,26,1.169,85.0,crop=837_denoising=26_sharpening=1.169
788,837,26,1.334,85.0,crop=837_denoising=26_sharpening=1.334
789,837,26,1.5,85.0,crop=837_denoising=26_sharpening=1.5
790,837,30,0.01,85.0,crop=837_denoising=30_sharpening=0.01
791,837,30,0.176,85.0,crop=837_denoising=30_sharpening=0.176
792,837,30,0.341,85.0,crop=837_denoising=30_sharpening=0.341
793,837,30,0.507,85.0,crop=837_denoising=30_sharpening=0.507
794,837,30,0.672,85.0,crop=837_denoising=30_sharpening=0.672
795,837,30,0.838,85.0,crop=837_denoising=30_sharpening=0.838
796,837,30,1.003,85.0,crop=837_denoising=30_sharpening=1.003
797,837,30,1.169,85.0,crop=837_denoising=30_sharpening=1.169
798,837,30,1.334,85.0,crop=837_denoising=30_sharpening=1.334
799,837,30,1.5,85.0,crop=837_denoising=30_sharpening=1.5
800,883,1,0.01,85.0,crop=883_denoising=1_sharpening=0.01
801,883,1,0.176,85.0,crop=883_denoising=1_sharpening=0.176
802,883,1,0.341,85.0,crop=883_denoising=1_sharpening=0.341
803,883,1,0.507,85.0,crop=883_denoising=1_sharpening=0.507
804,883,1,0.672,85.0,crop=883_denoising=1_sharpening=0.672
805,883,1,0.838,85.0,crop=883_denoising=1_sharpening=0.838
806,883,1,1.003,85.0,crop=883_denoising=1_sharpening=1.003
807,883,1,1.169,85.0,crop=883_denoising=1_sharpening=1.169
808,883,1,1.334,85.0,crop=883_denoising=1_sharpening=1.334
809,883,1,1.5,85.0,crop=883_denoising=1_sharpening=1.5
810,883,4,0.01,85.0,crop=883_denoising=4_sharpening=0.01
811,883,4,0.176,85.0,crop=883_denoising=4_sharpening=0.176
812,883,4,0.341,85.0,crop=883_denoising=4_sharpening=0.341
813,883,4,0.507,85.0,crop=883_denoising=4_sharpening=0.507
814,883,4,0.672,85.0,crop=883_denoising=4_sharpening=0.672
815,883,4,0.838,85.0,crop=883_denoising=4_sharpening=0.838
816,883,4,1.003,85.0,crop=883_denoising=4_sharpening=1.003
817,883,4,1.169,85.0,crop=883_denoising=4_sharpening=1.169
818,883,4,1.334,85.0,crop=883_denoising=4_sharpening=1.334
819,883,4,1.5,85.0,crop=883_denoising=4_sharpening=1.5
820,883,7,0.01,85.0,crop=883_denoising=7_sharpening=0.01
821,883,7,0.176,85.0,crop=883_denoising=7_sharpening=0.176
822,883,7,0.341,85.0,crop=883_denoising=7_sharpening=0.341
823,883,7,0.507,85.0,crop=883_denoising=7_sharpening=0.507
824,883,7,0.672,85.0,crop=883_denoising=7_sharpening=0.672
825,883,7,0.838,85.0,crop=883_denoising=7_sharpening=0.838
826,883,7,1.003,85.0,crop=883_denoising=7_sharpening=1.003
827,883,7,1.169,85.0,crop=883_denoising=7_sharpening=1.169
828,883,7,1.334,85.0,crop=883_denoising=7_sharpening=1.334
829,883,7,1.5,85.0,crop=883_denoising=7_sharpening=1.5
830,883,10,0.01,85.0,crop=883_denoising=10_sharpening=0.01
831,883,10,0.176,85.0,crop=883_denoising=10_sharpening=0.176
832,883,10,0.341,85.0,crop=883_denoising=10_sharpening=0.341
833,883,10,0.507,85.0,crop=883_denoising=10_sharpening=0.507
834,883,10,0.672,85.0,crop=883_denoising=10_sharpening=0.672
835,883,10,0.838,85.0,crop=883_denoising=10_sharpening=0.838
836,883,10,1.003,85.0,crop=883_denoising=10_sharpening=1.003
837,883,10,1.169,85.0,crop=883_denoising=10_sharpening=1.169
838,883,10,1.334,85.0,crop=883_denoising=10_sharpening=1.334
839,883,10,1.5,85.0,crop=883_denoising=10_sharpening=1.5
840,883,13,0.01,85.0,crop=883_denoising=13_sharpening=0.01
841,883,13,0.176,85.0,crop=883_denoising=13_sharpening=0.176
842,883,13,0.341,85.0,crop=883_denoising=13_sharpening=0.341
843,883,13,0.507,85.0,crop=883_denoising=13_sharpening=0.507
844,883,13,0.672,85.0,crop=883_denoising=13_sharpening=0.672
845,883,13,0.838,85.0,crop=883_denoising=13_sharpening=0.838
846,883,13,1.003,85.0,crop=883_denoising=13_sharpening=1.003
847,883,13,1.169,85.0,crop=883_denoising=13_sharpening=1.169
848,883,13,1.334,85.0,crop=883_denoising=13_sharpening=1.334
849,883,13,1.5,85.0,crop=883_denoising=13_sharpening=1.5
850,883,17,0.01,85.0,crop=883_denoising=17_sharpening=0.01
851,883,17,0.176,85.0,crop=883_denoising=17_sharpening=0.176
852,883,17,0.341,85.0,crop=883_denoising=17_sharpening=0.341
853,883,17,0.507,85.0,crop=883_denoising=17_sharpening=0.507
854,883,17,0.672,85.0,crop=883_denoising=17_sharpening=0.672
855,883,17,0.838,85.0,crop=883_denoising=17_sharpening=0.838
856,883,17,1.003,85.0,crop=883_denoising=17_sharpening=1.003
857,883,17,1.169,85.0,crop=883_denoising=17_sharpening=1.169
858,883,17,1.334,85.0,crop=883_denoising=17_sharpening=1.334
859,883,17,1.5,85.0,crop=883_denoising=17_sharpening=1.5
860,883,20,0.01,85.0,crop=883_denoising=20_sharpening=0.01
861,883,20,0.176,85.0,crop=883_denoising=20_sharpening=0.176
862,883,20,0.341,85.0,crop=883_denoising=20_sharpening=0.341
863,883,20,0.507,85.0,crop=883_denoising=20_sharpening=0.507
864,883,20,0.672,85.0,crop=883_denoising=20_sharpening=0.672
865,883,20,0.838,85.0,crop=883_denoising=20_sharpening=0.838
866,883,20,1.003,85.0,crop=883_denoising=20_sharpening=1.003
867,883,20,1.169,85.0,crop=883_denoising=20_sharpening=1.169
868,883,20,1.334,85.0,crop=883_denoising=20_sharpening=1.334
869,883,20,1.5,85.0,crop=883_denoising=20_sharpening=1.5
870,883,23,0.01,85.0,crop=883_denoising=23_sharpening=0.01
871,883,23,0.176,85.0,crop=883_denoising=23_sharpening=0.176
872,883,23,0.341,85.0,crop=883_denoising=23_sharpening=0.341
873,883,23,0.507,85.0,crop=883_denoising=23_sharpening=0.507
874,883,23,0.672,85.0,crop=883_denoising=23_sharpening=0.672
875,883,23,0.838,85.0,crop=883_denoising=23_sharpening=0.838
876,883,23,1.003,85.0,crop=883_denoising=23_sharpening=1.003
877,883,23,1.169,85.0,crop=883_denoising=23_sharpening=1.169
878,883,23,1.334,85.0,crop=883_denoising=23_sharpening=1.334
879,883,23,1.5,85.0,crop=883_denoising=23_sharpening=1.5
880,883,26,0.01,85.0,crop=883_denoising=26_sharpening=0.01
881,883,26,0.176,85.0,crop=883_denoising=26_sharpening=0.176
882,883,26,0.341,85.0,crop=883_denoising=26_sharpening=0.341
883,883,26,0.507,85.0,crop=883_denoising=26_sharpening=0.507
884,883,26,0.672,85.0,crop=883_denoising=26_sharpening=0.672
885,883,26,0.838,85.0,crop=883_denoising=26_sharpening=0.838
886,883,26,1.003,85.0,crop=883_denoising=26_sharpening=1.003
887,883,26,1.169,85.0,crop=883_denoising=26_sharpening=1.169
888,883,26,1.334,85.0,crop=883_denoising=26_sharpening=1.334
889,883,26,1.5,85.0,crop=883_denoising=26_sharpening=1.5
890,883,30,0.01,85.0,crop=883_denoising=30_sharpening=0.01
891,883,30,0.176,85.0,crop=883_denoising=30_sharpening=0.176
892,883,30,0.341,85.0,crop=883_denoising=30_sharpening=0.341
893,883,30,0.507,85.0,crop=883_denoising=30_sharpening=0.507
894,883,30,0.672,85.0,crop=883_denoising=30_sharpening=0.672
895,883,30,0.838,85.0,crop=883_denoising=30_sharpening=0.838
896,883,30,1.003,85.0,crop=883_denoising=30_sharpening=1.003
897,883,30,1.169,85.0,crop=883_denoising=30_sharpening=1.169
898,883,30,1.334,85.0,crop=883_denoising=30_sharpening=1.334
899,883,30,1.5,85.0,crop=883_denoising=30_sharpening=1.5
900,930,1,0.01,85.0,crop=930_denoising=1_sharpening=0.01
901,930,1,0.176,85.0,crop=930_denoising=1_sharpening=0.176
902,930,1,0.341,85.0,crop=930_denoising=1_sharpening=0.341
903,930,1,0.507,85.0,crop=930_denoising=1_sharpening=0.507
904,930,1,0.672,85.0,crop=930_denoising=1_sharpening=0.672
905,930,1,0.838,85.0,crop=930_denoising=1_sharpening=0.838
906,930,1,1.003,85.0,crop=930_denoising=1_sharpening=1.003
907,930,1,1.169,85.0,crop=930_denoising=1_sharpening=1.169
908,930,1,1.334,85.0,crop=930_denoising=1_sharpening=1.334
909,930,1,1.5,85.0,crop=930_denoising=1_sharpening=1.5
910,930,4,0.01,85.0,crop=930_denoising=4_sharpening=0.01
911,930,4,0.176,85.0,crop=930_denoising=4_sharpening=0.176
912,930,4,0.341,85.0,crop=930_denoising=4_sharpening=0.341
913,930,4,0.507,85.0,crop=930_denoising=4_sharpening=0.507
914,930,4,0.672,85.0,crop=930_denoising=4_sharpening=0.672
915,930,4,0.838,85.0,crop=930_denoising=4_sharpening=0.838
916,930,4,1.003,85.0,crop=930_denoising=4_sharpening=1.003
917,930,4,1.169,85.0,crop=930_denoising=4_sharpening=1.169
918,930,4,1.334,85.0,crop=930_denoising=4_sharpening=1.334
919,930,4,1.5,85.0,crop=930_denoising=4_sharpening=1.5
920,930,7,0.01,85.0,crop=930_denoising=7_sharpening=0.01
921,930,7,0.176,85.0,crop=930_denoising=7_sharpening=0.176
922,930,7,0.341,85.0,crop=930_denoising=7_sharpening=0.341
923,930,7,0.507,85.0,crop=930_denoising=7_sharpening=0.507
924,930,7,0.672,85.0,crop=930_denoising=7_sharpening=0.672
925,930,7,0.838,85.0,crop=930_denoising=7_sharpening=0.838
926,930,7,1.003,85.0,crop=930_denoising=7_sharpening=1.003
927,930,7,1.169,85.0,crop=930_denoising=7_sharpening=1.169
928,930,7,1.334,85.0,crop=930_denoising=7_sharpening=1.334
929,930,7,1.5,85.0,crop=930_denoising=7_sharpening=1.5
930,930,10,0.01,85.0,crop=930_denoising=10_sharpening=0.01
931,930,10,0.176,85.0,crop=930_denoising=10_sharpening=0.176
932,930,10,0.341,85.0,crop=930_denoising=10_sharpening=0.341
933,930,10,0.507,85.0,crop=930_denoising=10_sharpening=0.507
934,930,10,0.672,85.0,crop=930_denoising=10_sharpening=0.672
935,930,10,0.838,85.0,crop=930_denoising=10_sharpening=0.838
936,930,10,1.003,85.0,crop=930_denoising=10_sharpening=1.003
937,930,10,1.169,85.0,crop=930_denoising=10_sharpening=1.169
938,930,10,1.334,85.0,crop=930_denoising=10_sharpening=1.334
939,930,10,1.5,85.0,crop=930_denoising=10_sharpening=1.5
940,930,13,0.01,85.0,crop=930_denoising=13_sharpening=0.01
941,930,13,0.176,85.0,crop=930_denoising=13_sharpening=0.176
942,930,13,0.341,85.0,crop=930_denoising=13_sharpening=0.341
943,930,13,0.507,85.0,crop=930_denoising=13_sharpening=0.507
944,930,13,0.672,85.0,crop=930_denoising=13_sharpening=0.672
945,930,13,0.838,85.0,crop=930_denoising=13_sharpening=0.838
946,930,13,1.003,85.0,crop=930_denoising=13_sharpening=1.003
947,930,13,1.169,85.0,crop=930_denoising=13_sharpening=1.169
948,930,13,1.334,85.0,crop=930_denoising=13_sharpening=1.334
949,930,13,1.5,85.0,crop=930_denoising=13_sharpening=1.5
950,930,17,0.01,85.0,crop=930_denoising=17_sharpening=0.01
951,930,17,0.176,85.0,crop=930_denoising=17_sharpening=0.176
952,930,17,0.341,85.0,crop=930_denoising=17_sharpening=0.341
953,930,17,0.507,85.0,crop=930_denoising=17_sharpening=0.507
954,930,17,0.672,85.0,crop=930_denoising=17_sharpening=0.672
955,930,17,0.838,85.0,crop=930_denoising=17_sharpening=0.838
956,930,17,1.003,85.0,crop=930_denoising=17_sharpening=1.003
957,930,17,1.169,85.0,crop=930_denoising=17_sharpening=1.169
958,930,17,1.334,85.0,crop=930_denoising=17_sharpening=1.334
959,930,17,1.5,85.0,crop=930_denoising=17_sharpening=1.5
960,930,20,0.01,85.0,crop=930_denoising=20_sharpening=0.01
961,930,20,0.176,85.0,crop=930_denoising=20_sharpening=0.176
962,930,20,0.341,85.0,crop=930_denoising=20_sharpening=0.341
963,930,20,0.507,85.0,crop=930_denoising=20_sharpening=0.507
964,930,20,0.672,85.0,crop=930_denoising=20_sharpening=0.672
965,930,20,0.838,85.0,crop=930_denoising=20_sharpening=0.838
966,930,20,1.003,85.0,crop=930_denoising=20_sharpening=1.003
967,930,20,1.169,85.0,crop=930_denoising=20_sharpening=1.169
968,930,20,1.334,85.0,crop=930_denoising=20_sharpening=1.334
969,930,20,1.5,85.0,crop=930_denoising=20_sharpening=1.5
970,930,23,0.01,85.0,crop=930_denoising=23_sharpening=0.01
971,930,23,0.176,85.0,crop=930_denoising=23_sharpening=0.176
972,930,23,0.341,85.0,crop=930_denoising=23_sharpening=0.341
973,930,23,0.507,85.0,crop=930_denoising=23_sharpening=0.507
974,930,23,0.672,85.0,crop=930_denoising=23_sharpening=0.672
975,930,23,0.838,85.0,crop=930_denoising=23_sharpening=0.838
976,930,23,1.003,85.0,crop=930_denoising=23_sharpening=1.003
977,930,23,1.169,85.0,crop=930_denoising=23_sharpening=1.169
978,930,23,1.334,85.0,crop=930_denoising=23_sharpening=1.334
979,930,23,1.5,85.0,crop=930_denoising=23_sharpening=1.5
980,930,26,0.01,85.0,crop=930_denoising=26_sharpening=0.01
981,930,26,0.176,85.0,crop=930_denoising=26_sharpening=0.176
982,930,26,0.341,85.0,crop=930_denoising=26_sharpening=0.341
983,930,26,0.507,85.0,crop=930_denoising=26_sharpening=0.507
984,930,26,0.672,85.0,crop=930_denoising=26_sharpening=0.672
985,930,26,0.838,85.0,crop=930_denoising=26_sharpening=0.838
986,930,26,1.003,85.0,crop=930_denoising=26_sharpening=1.003
987,930,26,1.169,85.0,crop=930_denoising=26_sharpening=1.169
988,930,26,1.334,85.0,crop=930_denoising=26_sharpening=1.334
989,930,26,1.5,85.0,crop=930_denoising=26_sharpening=1.5
990,930,30,0.01,85.0,crop=930_denoising=30_sharpening=0.01
991,930,30,0.176,85.0,crop=930_denoising=30_sharpening=0.176
992,930,30,0.341,85.0,crop=930_denoising=30_sharpening=0.341
993,930,30,0.507,85.0,crop=930_denoising=30_sharpening=0.507
994,930,30,0.672,85.0,crop=930_denoising=30_sharpening=0.672
995,930,30,0.838,85.0,crop=930_denoising=30_sharpening=0.838
996,930,30,1.003,85.0,crop=930_denoising=30_sharpening=1.003
997,930,30,1.169,85.0,crop=930_denoising=30_sharpening=1.169
998,930,30,1.334,85.0,crop=930_denoising=30_sharpening=1.334
999,930,30,1.5,85.0,crop=930_denoising=30_sharpening=1.5
